SNP,effect_allele.exposure,other_allele.exposure,effect_allele.outcome,other_allele.outcome,beta.exposure,beta.outcome,eaf.exposure,eaf.outcome,remove,palindromic,ambiguous,id.outcome,chr,pos,se.outcome,samplesize.outcome,pval.outcome,outcome,mr_keep.outcome,pos.exposure,chr.exposure,pval.exposure,samplesize.exposure,se.exposure,id.exposure,exposure,mr_keep.exposure,pval_origin.exposure,data_source.exposure,action,mr_keep
rs10211851,T,C,T,C,-0.00311941,0.0259,0.266042,0.26839,FALSE,FALSE,FALSE,ebi-a-GCST002245,20,60982997,0.0213,54162,0.2241,Alzheimer's disease (late onset),TRUE,60982997,20,4.59833e-13,361194,0.00043104,ukb-d-D12,Diagnoses - main ICD10: D12 Benign neoplasm of colon, rectum, anus and anal canal || id:ukb-d-D12,TRUE,reported,igd,2,TRUE
rs10936599,T,C,T,C,-0.00249741,0.0144,0.244749,0.242545,FALSE,FALSE,FALSE,ebi-a-GCST002245,3,169492101,0.0183,54162,0.4329,Alzheimer's disease (late onset),TRUE,169492101,3,1.45569e-08,361194,0.000440705,ukb-d-D12,Diagnoses - main ICD10: D12 Benign neoplasm of colon, rectum, anus and anal canal || id:ukb-d-D12,TRUE,reported,igd,2,TRUE
rs11213801,C,T,C,T,0.00355233,-0.0099,0.308122,0.281312,FALSE,FALSE,FALSE,ebi-a-GCST002245,11,111119694,0.0184,54162,0.5906,Alzheimer's disease (late onset),TRUE,111119694,11,4.46375e-17,361194,0.000422874,ukb-d-D12,Diagnoses - main ICD10: D12 Benign neoplasm of colon, rectum, anus and anal canal || id:ukb-d-D12,TRUE,reported,igd,2,TRUE
rs11503907,A,G,A,G,0.00238312,-0.0102,0.405951,0.387674,FALSE,FALSE,FALSE,ebi-a-GCST002245,12,51153577,0.0164,54162,0.5341,Alzheimer's disease (late onset),TRUE,51153577,12,6.22415e-10,361194,0.000385317,ukb-d-D12,Diagnoses - main ICD10: D12 Benign neoplasm of colon, rectum, anus and anal canal || id:ukb-d-D12,TRUE,reported,igd,2,TRUE
rs117042741,T,C,T,C,-0.00535263,-0.0411,0.0412463,0.0308151,FALSE,FALSE,FALSE,ebi-a-GCST002245,11,74628743,0.0417,54162,0.3241,Alzheimer's disease (late onset),TRUE,74628743,11,2.23208e-08,361194,0.000957005,ukb-d-D12,Diagnoses - main ICD10: D12 Benign neoplasm of colon, rectum, anus and anal canal || id:ukb-d-D12,TRUE,reported,igd,2,TRUE
rs12304729,A,C,A,C,0.00210409,-0.0138,0.574163,0.538767,FALSE,FALSE,FALSE,ebi-a-GCST002245,12,115930023,0.0156,54162,0.3746,Alzheimer's disease (late onset),TRUE,115930023,12,4.38733e-08,361194,0.000384336,ukb-d-D12,Diagnoses - main ICD10: D12 Benign neoplasm of colon, rectum, anus and anal canal || id:ukb-d-D12,TRUE,reported,igd,2,TRUE
rs12777423,T,G,T,G,-0.00297589,-0.0315,0.323178,0.316103,FALSE,FALSE,FALSE,ebi-a-GCST002245,10,8729712,0.0169,54162,0.06218,Alzheimer's disease (late onset),TRUE,8729712,10,2.33776e-13,361194,0.000406089,ukb-d-D12,Diagnoses - main ICD10: D12 Benign neoplasm of colon, rectum, anus and anal canal || id:ukb-d-D12,TRUE,reported,igd,2,TRUE
rs16853865,G,A,G,A,0.0022682,-0.0213,0.690941,0.690855,FALSE,FALSE,FALSE,ebi-a-GCST002245,1,204465659,0.0166,54162,0.2005,Alzheimer's disease (late onset),TRUE,204465659,1,3.36922e-08,361194,0.000410817,ukb-d-D12,Diagnoses - main ICD10: D12 Benign neoplasm of colon, rectum, anus and anal canal || id:ukb-d-D12,TRUE,reported,igd,2,TRUE
rs16888589,G,A,G,A,0.00529382,0.0018,0.0768846,0.0864811,FALSE,FALSE,FALSE,ebi-a-GCST002245,8,117635602,0.0283,54162,0.949,Alzheimer's disease (late onset),TRUE,117635602,8,1.19702e-13,361194,0.000713702,ukb-d-D12,Diagnoses - main ICD10: D12 Benign neoplasm of colon, rectum, anus and anal canal || id:ukb-d-D12,TRUE,reported,igd,2,TRUE
rs2293581,A,G,A,G,0.00422716,-0.0032,0.199173,0.222664,FALSE,FALSE,FALSE,ebi-a-GCST002245,15,33010736,0.0205,54162,0.8753,Alzheimer's disease (late onset),TRUE,33010736,15,6.62674e-19,361194,0.000475953,ukb-d-D12,Diagnoses - main ICD10: D12 Benign neoplasm of colon, rectum, anus and anal canal || id:ukb-d-D12,TRUE,reported,igd,2,TRUE
rs2423151,A,G,A,G,-0.00233578,-0.0091,0.651309,0.647117,FALSE,FALSE,FALSE,ebi-a-GCST002245,20,6383527,0.0163,54162,0.5756,Alzheimer's disease (late onset),TRUE,6383527,20,4.41398e-09,361194,0.000398052,ukb-d-D12,Diagnoses - main ICD10: D12 Benign neoplasm of colon, rectum, anus and anal canal || id:ukb-d-D12,TRUE,reported,igd,2,TRUE
rs4939827,C,T,C,T,-0.00358423,-0.0051,0.477043,0.468191,FALSE,FALSE,FALSE,ebi-a-GCST002245,18,46453463,0.0162,54162,0.753,Alzheimer's disease (late onset),TRUE,46453463,18,3.69658e-21,361194,0.000379627,ukb-d-D12,Diagnoses - main ICD10: D12 Benign neoplasm of colon, rectum, anus and anal canal || id:ukb-d-D12,TRUE,reported,igd,2,TRUE
rs6983267,T,G,T,G,-0.00298715,0.0063,0.481024,0.500994,FALSE,FALSE,FALSE,ebi-a-GCST002245,8,128413305,0.0159,54162,0.6926,Alzheimer's disease (late onset),TRUE,128413305,8,3.27491e-15,361194,0.000379065,ukb-d-D12,Diagnoses - main ICD10: D12 Benign neoplasm of colon, rectum, anus and anal canal || id:ukb-d-D12,TRUE,reported,igd,2,TRUE
