SNP,effect_allele.exposure,other_allele.exposure,effect_allele.outcome,other_allele.outcome,beta.exposure,beta.outcome,eaf.exposure,eaf.outcome,remove,palindromic,ambiguous,id.outcome,chr,pos,se.outcome,samplesize.outcome,pval.outcome,outcome,mr_keep.outcome,se.exposure,chr.exposure,pos.exposure,pval.exposure,samplesize.exposure,id.exposure,exposure,mr_keep.exposure,pval_origin.exposure,data_source.exposure,action,mr_keep
rs10197246,C,T,C,T,-0.00584266,-0.0038,0.733286,0.709742,FALSE,FALSE,FALSE,ebi-a-GCST002245,2,202204741,0.0175,54162,0.8276,Alzheimer's disease (late onset),TRUE,0.00104408,2,202204741,2.19548e-08,361194,ukb-d-II_NEOPLASM,Neoplasms || id:ukb-d-II_NEOPLASM,TRUE,reported,igd,2,TRUE
rs2240980,G,C,G,C,0.00556381,-0.0022,0.293,0.321074,FALSE,TRUE,FALSE,ebi-a-GCST002245,14,73409683,0.017,54162,0.8954,Alzheimer's disease (late onset),TRUE,0.0010109,14,73409683,3.71912e-08,361194,ukb-d-II_NEOPLASM,Neoplasms || id:ukb-d-II_NEOPLASM,TRUE,reported,igd,2,TRUE
rs2293607,C,T,C,T,-0.0091245,0.0132,0.244672,0.241551,FALSE,FALSE,FALSE,ebi-a-GCST002245,3,169482335,0.0226,54162,0.5606,Alzheimer's disease (late onset),TRUE,0.00107048,3,169482335,1.55024e-17,361194,ukb-d-II_NEOPLASM,Neoplasms || id:ukb-d-II_NEOPLASM,TRUE,reported,igd,2,TRUE
rs2853677,A,G,A,G,-0.00789792,0.0516,0.577594,0.586481,FALSE,FALSE,FALSE,ebi-a-GCST002245,5,1287194,0.0194,54162,0.007847,Alzheimer's disease (late onset),TRUE,0.000931867,5,1287194,2.3518e-17,361194,ukb-d-II_NEOPLASM,Neoplasms || id:ukb-d-II_NEOPLASM,TRUE,reported,igd,2,TRUE
rs6059655,G,A,G,A,-0.0110751,0.0355,0.894181,0.9582505,FALSE,FALSE,FALSE,ebi-a-GCST002245,20,32665748,0.0297,54162,0.2305,Alzheimer's disease (late onset),TRUE,0.00152808,20,32665748,4.24717e-13,361194,ukb-d-II_NEOPLASM,Neoplasms || id:ukb-d-II_NEOPLASM,TRUE,reported,igd,2,TRUE
rs6983267,T,G,T,G,-0.00656547,0.0063,0.481024,0.500994,FALSE,FALSE,FALSE,ebi-a-GCST002245,8,128413305,0.0159,54162,0.6926,Alzheimer's disease (late onset),TRUE,0.000920231,8,128413305,9.72523e-13,361194,ukb-d-II_NEOPLASM,Neoplasms || id:ukb-d-II_NEOPLASM,TRUE,reported,igd,2,TRUE
rs72993806,G,C,G,C,-0.00791715,0.0257,0.148754,0.168986,FALSE,TRUE,FALSE,ebi-a-GCST002245,11,108359689,0.0224,54162,0.2513,Alzheimer's disease (late onset),TRUE,0.00129288,11,108359689,9.15398e-10,361194,ukb-d-II_NEOPLASM,Neoplasms || id:ukb-d-II_NEOPLASM,TRUE,reported,igd,2,TRUE
rs7907606,G,T,G,T,0.0121195,-0.0552,0.154929,0.156064,FALSE,FALSE,FALSE,ebi-a-GCST002245,10,105680632,0.0215,54162,0.01016,Alzheimer's disease (late onset),TRUE,0.00127168,10,105680632,1.57652e-21,361194,ukb-d-II_NEOPLASM,Neoplasms || id:ukb-d-II_NEOPLASM,TRUE,reported,igd,2,TRUE
rs7913694,G,A,G,A,-0.00591615,0.0033,0.289721,0.32505,FALSE,FALSE,FALSE,ebi-a-GCST002245,10,123095186,0.0182,54162,0.8578,Alzheimer's disease (late onset),TRUE,0.00104003,10,123095186,1.28322e-08,361194,ukb-d-II_NEOPLASM,Neoplasms || id:ukb-d-II_NEOPLASM,TRUE,reported,igd,2,TRUE
rs8051733,G,A,G,A,0.0059445,-0.0258,0.346953,0.275348,FALSE,FALSE,FALSE,ebi-a-GCST002245,16,90024206,0.0205,54162,0.2092,Alzheimer's disease (late onset),TRUE,0.000968466,16,90024206,8.36238e-10,361194,ukb-d-II_NEOPLASM,Neoplasms || id:ukb-d-II_NEOPLASM,TRUE,reported,igd,2,TRUE
