SNP,effect_allele.exposure,other_allele.exposure,effect_allele.outcome,other_allele.outcome,beta.exposure,beta.outcome,eaf.exposure,eaf.outcome,remove,palindromic,ambiguous,id.outcome,chr,pos,se.outcome,samplesize.outcome,pval.outcome,outcome,mr_keep.outcome,pos.exposure,se.exposure,samplesize.exposure,pval.exposure,chr.exposure,id.exposure,exposure,mr_keep.exposure,pval_origin.exposure,data_source.exposure,action,mr_keep
rs10850315,T,G,T,G,0.00311211,-0.0279,0.749983,0.733598,FALSE,FALSE,FALSE,ebi-a-GCST002245,12,114766735,0.0179,54162,0.1185,Alzheimer's disease (late onset),TRUE,114766735,0.000421222,361194,1.49073e-13,12,ukb-d-CARDIAC_ARRHYTM,Cardiac arrhytmias, COPD co-morbidities || id:ukb-d-CARDIAC_ARRHYTM,TRUE,reported,igd,2,TRUE
rs11264280,T,C,T,C,0.00337572,-0.0044,0.32892,0.309145,FALSE,FALSE,FALSE,ebi-a-GCST002245,1,154862952,0.0173,54162,0.8007,Alzheimer's disease (late onset),TRUE,154862952,0.000385404,361194,1.9797e-18,1,ukb-d-CARDIAC_ARRHYTM,Cardiac arrhytmias, COPD co-morbidities || id:ukb-d-CARDIAC_ARRHYTM,TRUE,reported,igd,2,TRUE
rs11773845,A,C,A,C,0.00323167,-0.0057,0.59076,0.60338,FALSE,FALSE,FALSE,ebi-a-GCST002245,7,116191301,0.0156,54162,0.7157,Alzheimer's disease (late onset),TRUE,116191301,0.000367441,361194,1.43549e-18,7,ukb-d-CARDIAC_ARRHYTM,Cardiac arrhytmias, COPD co-morbidities || id:ukb-d-CARDIAC_ARRHYTM,TRUE,reported,igd,2,TRUE
rs11815048,A,G,A,G,0.00299194,0.0103,0.145582,0.141153,FALSE,FALSE,FALSE,ebi-a-GCST002245,10,105338822,0.0217,54162,0.6362,Alzheimer's disease (late onset),TRUE,105338822,0.000515086,361194,6.30376e-09,10,ukb-d-CARDIAC_ARRHYTM,Cardiac arrhytmias, COPD co-morbidities || id:ukb-d-CARDIAC_ARRHYTM,TRUE,reported,igd,2,TRUE
rs13143308,G,T,G,T,-0.00899471,0.0128,0.806568,0.748509,FALSE,FALSE,FALSE,ebi-a-GCST002245,4,111714419,0.0188,54162,0.4972,Alzheimer's disease (late onset),TRUE,111714419,0.000457301,361194,4.39947e-86,4,ukb-d-CARDIAC_ARRHYTM,Cardiac arrhytmias, COPD co-morbidities || id:ukb-d-CARDIAC_ARRHYTM,TRUE,reported,igd,2,TRUE
rs2857265,A,G,A,G,0.00377037,0.0277,0.136409,0.139165,FALSE,FALSE,FALSE,ebi-a-GCST002245,2,179398823,0.0219,54162,0.2059,Alzheimer's disease (late onset),TRUE,179398823,0.000525679,361194,7.38414e-13,2,ukb-d-CARDIAC_ARRHYTM,Cardiac arrhytmias, COPD co-morbidities || id:ukb-d-CARDIAC_ARRHYTM,TRUE,reported,igd,2,TRUE
rs35176054,A,T,A,T,0.00378698,0.0057,0.122557,0.125249,FALSE,TRUE,FALSE,ebi-a-GCST002245,10,105480387,0.0232,54162,0.8073,Alzheimer's disease (late onset),TRUE,105480387,0.00055726,361194,1.07944e-11,10,ukb-d-CARDIAC_ARRHYTM,Cardiac arrhytmias, COPD co-morbidities || id:ukb-d-CARDIAC_ARRHYTM,TRUE,reported,igd,2,TRUE
rs35215597,G,A,G,A,-0.00237168,0.012,0.255063,0.290258,FALSE,FALSE,FALSE,ebi-a-GCST002245,2,175543782,0.0183,54162,0.5138,Alzheimer's disease (late onset),TRUE,175543782,0.000414869,361194,1.08703e-08,2,ukb-d-CARDIAC_ARRHYTM,Cardiac arrhytmias, COPD co-morbidities || id:ukb-d-CARDIAC_ARRHYTM,TRUE,reported,igd,2,TRUE
rs365990,G,A,G,A,0.0022094,-0.0055,0.36925,0.348907,FALSE,FALSE,FALSE,ebi-a-GCST002245,14,23861811,0.0163,54162,0.7357,Alzheimer's disease (late onset),TRUE,23861811,0.000373671,361194,3.36891e-09,14,ukb-d-CARDIAC_ARRHYTM,Cardiac arrhytmias, COPD co-morbidities || id:ukb-d-CARDIAC_ARRHYTM,TRUE,reported,igd,2,TRUE
rs4499262,A,C,A,C,0.00489527,-0.0252,0.166474,0.17992,FALSE,FALSE,FALSE,ebi-a-GCST002245,16,73059159,0.021,54162,0.2296,Alzheimer's disease (late onset),TRUE,73059159,0.000484937,361194,5.87625e-24,16,ukb-d-CARDIAC_ARRHYTM,Cardiac arrhytmias, COPD co-morbidities || id:ukb-d-CARDIAC_ARRHYTM,TRUE,reported,igd,2,TRUE
rs4744403,A,T,A,T,0.00239696,0.0202,0.41067,0.394632,FALSE,TRUE,FALSE,ebi-a-GCST002245,9,97670558,0.0163,54162,0.2148,Alzheimer's disease (late onset),TRUE,97670558,0.000367735,361194,7.12689e-11,9,ukb-d-CARDIAC_ARRHYTM,Cardiac arrhytmias, COPD co-morbidities || id:ukb-d-CARDIAC_ARRHYTM,TRUE,reported,igd,2,TRUE
rs4919620,G,A,G,A,-0.00209835,-0.0202,0.628196,0.597416,FALSE,FALSE,FALSE,ebi-a-GCST002245,10,103998258,0.0158,54162,0.1999,Alzheimer's disease (late onset),TRUE,103998258,0.000373493,361194,1.93143e-08,10,ukb-d-CARDIAC_ARRHYTM,Cardiac arrhytmias, COPD co-morbidities || id:ukb-d-CARDIAC_ARRHYTM,TRUE,reported,igd,2,TRUE
rs61772739,A,G,A,G,0.00377004,-0.0428,0.0764753,0.0387674,FALSE,FALSE,FALSE,ebi-a-GCST002245,1,8175993,0.0367,54162,0.2427,Alzheimer's disease (late onset),TRUE,8175993,0.000682211,361194,3.27446e-08,1,ukb-d-CARDIAC_ARRHYTM,Cardiac arrhytmias, COPD co-morbidities || id:ukb-d-CARDIAC_ARRHYTM,TRUE,reported,igd,2,TRUE
rs62521279,T,C,T,C,0.00637527,0.029,0.0379743,0.0258449,FALSE,FALSE,FALSE,ebi-a-GCST002245,8,124540617,0.0445,54162,0.5151,Alzheimer's disease (late onset),TRUE,124540617,0.0009732,361194,5.72928e-11,8,ukb-d-CARDIAC_ARRHYTM,Cardiac arrhytmias, COPD co-morbidities || id:ukb-d-CARDIAC_ARRHYTM,TRUE,reported,igd,2,TRUE
rs6435048,T,C,T,C,0.0022635,0.0173,0.342824,0.33996,FALSE,FALSE,FALSE,ebi-a-GCST002245,2,201167854,0.0164,54162,0.2902,Alzheimer's disease (late onset),TRUE,201167854,0.000379527,361194,2.46354e-09,2,ukb-d-CARDIAC_ARRHYTM,Cardiac arrhytmias, COPD co-morbidities || id:ukb-d-CARDIAC_ARRHYTM,TRUE,reported,igd,2,TRUE
rs6533533,T,C,T,C,0.00404389,0.0055,0.747327,0.746521,FALSE,FALSE,FALSE,ebi-a-GCST002245,4,111792103,0.0183,54162,0.7654,Alzheimer's disease (late onset),TRUE,111792103,0.000415538,361194,2.2228e-22,4,ukb-d-CARDIAC_ARRHYTM,Cardiac arrhytmias, COPD co-morbidities || id:ukb-d-CARDIAC_ARRHYTM,TRUE,reported,igd,2,TRUE
rs6773331,T,A,T,A,-0.00776544,0.087,0.980308,0.9751491,FALSE,TRUE,FALSE,ebi-a-GCST002245,3,38684397,0.0645,54162,0.1771,Alzheimer's disease (late onset),TRUE,38684397,0.00132924,361194,5.16179e-09,3,ukb-d-CARDIAC_ARRHYTM,Cardiac arrhytmias, COPD co-morbidities || id:ukb-d-CARDIAC_ARRHYTM,TRUE,reported,igd,2,TRUE
rs72700114,C,G,C,G,0.00592597,0.0391,0.0745937,0.0626243,FALSE,TRUE,FALSE,ebi-a-GCST002245,1,170193825,0.0351,54162,0.2655,Alzheimer's disease (late onset),TRUE,170193825,0.000697646,361194,1.99986e-17,1,ukb-d-CARDIAC_ARRHYTM,Cardiac arrhytmias, COPD co-morbidities || id:ukb-d-CARDIAC_ARRHYTM,TRUE,reported,igd,2,TRUE
rs73299219,A,G,A,G,0.00303151,0.0208,0.179516,0.15507,FALSE,FALSE,FALSE,ebi-a-GCST002245,5,137285940,0.0205,54162,0.3102,Alzheimer's disease (late onset),TRUE,137285940,0.000470782,361194,1.20163e-10,5,ukb-d-CARDIAC_ARRHYTM,Cardiac arrhytmias, COPD co-morbidities || id:ukb-d-CARDIAC_ARRHYTM,TRUE,reported,igd,2,TRUE
rs7538696,A,G,A,G,-0.00232611,0.0139,0.549795,0.552684,FALSE,FALSE,FALSE,ebi-a-GCST002245,1,203034309,0.0157,54162,0.3757,Alzheimer's disease (late onset),TRUE,203034309,0.000363024,361194,1.48013e-10,1,ukb-d-CARDIAC_ARRHYTM,Cardiac arrhytmias, COPD co-morbidities || id:ukb-d-CARDIAC_ARRHYTM,TRUE,reported,igd,2,TRUE
