SNP,effect_allele.exposure,other_allele.exposure,effect_allele.outcome,other_allele.outcome,beta.exposure,beta.outcome,eaf.exposure,eaf.outcome,remove,palindromic,ambiguous,id.outcome,chr,pos,se.outcome,samplesize.outcome,pval.outcome,outcome,mr_keep.outcome,samplesize.exposure,chr.exposure,pval.exposure,pos.exposure,se.exposure,id.exposure,exposure,mr_keep.exposure,pval_origin.exposure,data_source.exposure,action,mr_keep
rs10455872,G,A,G,A,0.0174179,-0.0516,0.0807558,0.0735586,FALSE,FALSE,FALSE,ebi-a-GCST002245,6,161010118,0.0373,54162,0.166,Alzheimer's disease (late onset),TRUE,361194,6,9.30251e-70,161010118,0.000986352,ukb-d-I9_IHD,Ischaemic heart disease, wide definition || id:ukb-d-I9_IHD,TRUE,reported,igd,2,TRUE
rs11617955,A,T,A,T,-0.00534626,0.0162,0.113121,0.12326,FALSE,TRUE,FALSE,ebi-a-GCST002245,13,110818102,0.0265,54162,0.5406,Alzheimer's disease (late onset),TRUE,361194,13,5.13499e-10,110818102,0.000860206,ukb-d-I9_IHD,Ischaemic heart disease, wide definition || id:ukb-d-I9_IHD,TRUE,reported,igd,2,TRUE
rs117733303,G,A,G,A,0.0244705,-0.0042,0.0186119,0.0119284,FALSE,FALSE,FALSE,ebi-a-GCST002245,6,160922870,0.1265,54162,0.9736,Alzheimer's disease (late onset),TRUE,361194,6,8.16582e-35,160922870,0.00198791,ukb-d-I9_IHD,Ischaemic heart disease, wide definition || id:ukb-d-I9_IHD,TRUE,reported,igd,2,TRUE
rs12190287,G,C,G,C,-0.00369126,0.0218,0.373832,0.387674,FALSE,TRUE,FALSE,ebi-a-GCST002245,6,134214525,0.0181,54162,0.2272,Alzheimer's disease (late onset),TRUE,361194,6,2.92752e-11,134214525,0.000555045,ukb-d-I9_IHD,Ischaemic heart disease, wide definition || id:ukb-d-I9_IHD,TRUE,reported,igd,2,TRUE
rs12324886,G,A,G,A,-0.00442471,-0.0168,0.752491,0.751491,FALSE,FALSE,FALSE,ebi-a-GCST002245,15,79054108,0.0226,54162,0.4559,Alzheimer's disease (late onset),TRUE,361194,15,1.73061e-12,79054108,0.000627185,ukb-d-I9_IHD,Ischaemic heart disease, wide definition || id:ukb-d-I9_IHD,TRUE,reported,igd,2,TRUE
rs1333042,G,A,G,A,0.0102294,0.0243,0.498058,0.498012,FALSE,FALSE,FALSE,ebi-a-GCST002245,9,22103813,0.0155,54162,0.1173,Alzheimer's disease (late onset),TRUE,361194,9,1.02282e-80,22103813,0.000537496,ukb-d-I9_IHD,Ischaemic heart disease, wide definition || id:ukb-d-I9_IHD,TRUE,reported,igd,2,TRUE
rs147932234,C,T,C,T,0.00523462,-0.0598,0.127585,0.130219,FALSE,FALSE,FALSE,ebi-a-GCST002245,2,203951846,0.0229,54162,0.009141,Alzheimer's disease (late onset),TRUE,361194,2,1.27183e-10,203951846,0.000814006,ukb-d-I9_IHD,Ischaemic heart disease, wide definition || id:ukb-d-I9_IHD,TRUE,reported,igd,2,TRUE
rs2011767,T,C,T,C,-0.0036568,-0.0478,0.458622,0.477137,FALSE,FALSE,FALSE,ebi-a-GCST002245,17,47340297,0.0158,54162,0.002537,Alzheimer's disease (late onset),TRUE,361194,17,1.28145e-11,47340297,0.000540073,ukb-d-I9_IHD,Ischaemic heart disease, wide definition || id:ukb-d-I9_IHD,TRUE,reported,igd,2,TRUE
rs2107595,A,G,A,G,0.00504057,-0.0038,0.151529,0.167992,FALSE,FALSE,FALSE,ebi-a-GCST002245,7,19049388,0.0211,54162,0.8582,Alzheimer's disease (late onset),TRUE,361194,7,1.89889e-11,19049388,0.000750775,ukb-d-I9_IHD,Ischaemic heart disease, wide definition || id:ukb-d-I9_IHD,TRUE,reported,igd,2,TRUE
rs2133189,T,C,T,C,0.00371222,0.0406,0.714278,0.737575,FALSE,FALSE,FALSE,ebi-a-GCST002245,1,222814442,0.0199,54162,0.0411,Alzheimer's disease (late onset),TRUE,361194,1,4.61764e-10,222814442,0.000595695,ukb-d-I9_IHD,Ischaemic heart disease, wide definition || id:ukb-d-I9_IHD,TRUE,reported,igd,2,TRUE
rs2839812,A,T,A,T,-0.00366678,0.0138,0.720828,0.727634,FALSE,TRUE,FALSE,ebi-a-GCST002245,11,103673294,0.017,54162,0.4169,Alzheimer's disease (late onset),TRUE,361194,11,9.97884e-10,103673294,0.000600137,ukb-d-I9_IHD,Ischaemic heart disease, wide definition || id:ukb-d-I9_IHD,TRUE,reported,igd,2,TRUE
rs28451064,A,G,A,G,0.00626508,-0.0296,0.13177,0.130219,FALSE,FALSE,FALSE,ebi-a-GCST002245,21,35593827,0.0271,54162,0.2743,Alzheimer's disease (late onset),TRUE,361194,21,1.15398e-14,35593827,0.000811398,ukb-d-I9_IHD,Ischaemic heart disease, wide definition || id:ukb-d-I9_IHD,TRUE,reported,igd,2,TRUE
rs28601761,G,C,G,C,-0.00339732,-0.0038,0.419467,0.407555,FALSE,TRUE,FALSE,ebi-a-GCST002245,8,126500031,0.0165,54162,0.8193,Alzheimer's disease (late onset),TRUE,361194,8,7.19416e-10,126500031,0.00055134,ukb-d-I9_IHD,Ischaemic heart disease, wide definition || id:ukb-d-I9_IHD,TRUE,reported,igd,2,TRUE
rs2873195,T,A,T,A,0.00342182,-0.0306,0.681571,0.71173,FALSE,TRUE,FALSE,ebi-a-GCST002245,17,2064702,0.0167,54162,0.06738,Alzheimer's disease (late onset),TRUE,361194,17,3.42035e-09,2064702,0.00057897,ukb-d-I9_IHD,Ischaemic heart disease, wide definition || id:ukb-d-I9_IHD,TRUE,reported,igd,2,TRUE
rs35551524,C,T,C,T,-0.00588851,-0.0836,0.0698853,0.0586481,FALSE,FALSE,FALSE,ebi-a-GCST002245,12,95526200,0.0335,54162,0.01264,Alzheimer's disease (late onset),TRUE,361194,12,2.36162e-08,95526200,0.00105466,ukb-d-I9_IHD,Ischaemic heart disease, wide definition || id:ukb-d-I9_IHD,TRUE,reported,igd,2,TRUE
rs35617716,A,T,A,T,-0.00386155,0.0096,0.261258,0.284294,FALSE,TRUE,FALSE,ebi-a-GCST002245,8,19870263,0.0182,54162,0.5988,Alzheimer's disease (late onset),TRUE,361194,8,3.70962e-10,19870263,0.000616275,ukb-d-I9_IHD,Ischaemic heart disease, wide definition || id:ukb-d-I9_IHD,TRUE,reported,igd,2,TRUE
rs3775059,T,G,T,G,-0.00363706,-0.0084,0.789334,0.814115,FALSE,FALSE,FALSE,ebi-a-GCST002245,4,96117230,0.0199,54162,0.6709,Alzheimer's disease (late onset),TRUE,361194,4,3.9852e-08,96117230,0.000662292,ukb-d-I9_IHD,Ischaemic heart disease, wide definition || id:ukb-d-I9_IHD,TRUE,reported,igd,2,TRUE
rs56125973,C,T,C,T,-0.00583942,-0.0131,0.11827,0.111332,FALSE,FALSE,FALSE,ebi-a-GCST002245,19,11188164,0.0257,54162,0.6102,Alzheimer's disease (late onset),TRUE,361194,19,2.26882e-12,11188164,0.000832166,ukb-d-I9_IHD,Ischaemic heart disease, wide definition || id:ukb-d-I9_IHD,TRUE,reported,igd,2,TRUE
rs6224,T,G,T,G,0.00416965,0.0128,0.473539,0.471173,FALSE,FALSE,FALSE,ebi-a-GCST002245,15,91423543,0.0165,54162,0.4363,Alzheimer's disease (late onset),TRUE,361194,15,1.13423e-14,91423543,0.000539862,ukb-d-I9_IHD,Ischaemic heart disease, wide definition || id:ukb-d-I9_IHD,TRUE,reported,igd,2,TRUE
rs6460891,A,T,A,T,0.00332694,-0.0413,0.266291,0.251491,FALSE,TRUE,FALSE,ebi-a-GCST002245,7,12233919,0.0178,54162,0.02059,Alzheimer's disease (late onset),TRUE,361194,7,4.87562e-08,12233919,0.000609787,ukb-d-I9_IHD,Ischaemic heart disease, wide definition || id:ukb-d-I9_IHD,TRUE,reported,igd,2,TRUE
rs660240,C,T,C,T,0.0065627,0.0044,0.784444,0.801193,FALSE,FALSE,FALSE,ebi-a-GCST002245,1,109817838,0.0195,54162,0.8228,Alzheimer's disease (late onset),TRUE,361194,1,1.08118e-23,109817838,0.000654005,ukb-d-I9_IHD,Ischaemic heart disease, wide definition || id:ukb-d-I9_IHD,TRUE,reported,igd,2,TRUE
rs6807945,T,C,T,C,-0.0041522,0.0167,0.837472,0.848907,FALSE,FALSE,FALSE,ebi-a-GCST002245,3,138052754,0.0225,54162,0.4584,Alzheimer's disease (late onset),TRUE,361194,3,1.60838e-08,138052754,0.000734941,ukb-d-I9_IHD,Ischaemic heart disease, wide definition || id:ukb-d-I9_IHD,TRUE,reported,igd,2,TRUE
rs72664318,G,A,G,A,-0.00613694,0.0059,0.0920377,0.121272,FALSE,FALSE,FALSE,ebi-a-GCST002245,1,56963627,0.0269,54162,0.8268,Alzheimer's disease (late onset),TRUE,361194,1,4.37824e-11,56963627,0.000931126,ukb-d-I9_IHD,Ischaemic heart disease, wide definition || id:ukb-d-I9_IHD,TRUE,reported,igd,2,TRUE
rs7500448,G,A,G,A,-0.00394995,0.0153,0.253443,0.243539,FALSE,FALSE,FALSE,ebi-a-GCST002245,16,83045790,0.0184,54162,0.4075,Alzheimer's disease (late onset),TRUE,361194,16,2.266e-10,83045790,0.000622794,ukb-d-I9_IHD,Ischaemic heart disease, wide definition || id:ukb-d-I9_IHD,TRUE,reported,igd,2,TRUE
rs7668383,C,T,C,T,-0.00381515,0.008,0.184108,0.164016,FALSE,FALSE,FALSE,ebi-a-GCST002245,4,148272795,0.0204,54162,0.6946,Alzheimer's disease (late onset),TRUE,361194,4,4.13076e-08,148272795,0.000695525,ukb-d-I9_IHD,Ischaemic heart disease, wide definition || id:ukb-d-I9_IHD,TRUE,reported,igd,2,TRUE
rs78707197,C,T,C,T,-0.0101232,0.0247,0.0219136,0.0228628,FALSE,FALSE,FALSE,ebi-a-GCST002245,6,82459034,0.0631,54162,0.6959,Alzheimer's disease (late onset),TRUE,361194,6,3.63321e-08,82459034,0.00183794,ukb-d-I9_IHD,Ischaemic heart disease, wide definition || id:ukb-d-I9_IHD,TRUE,reported,igd,2,TRUE
rs80157433,G,A,G,A,0.00522055,-0.0572,0.139873,0.145129,FALSE,FALSE,FALSE,ebi-a-GCST002245,4,148370548,0.0226,54162,0.01127,Alzheimer's disease (late onset),TRUE,361194,4,1.59074e-11,148370548,0.000774608,ukb-d-I9_IHD,Ischaemic heart disease, wide definition || id:ukb-d-I9_IHD,TRUE,reported,igd,2,TRUE
rs9349379,G,A,G,A,0.00452854,-0.0077,0.405522,0.400596,FALSE,FALSE,FALSE,ebi-a-GCST002245,6,12903957,0.0162,54162,0.6367,Alzheimer's disease (late onset),TRUE,361194,6,1.28499e-16,12903957,0.000547231,ukb-d-I9_IHD,Ischaemic heart disease, wide definition || id:ukb-d-I9_IHD,TRUE,reported,igd,2,TRUE
