SNP,effect_allele.exposure,other_allele.exposure,effect_allele.outcome,other_allele.outcome,beta.exposure,beta.outcome,eaf.exposure,eaf.outcome,remove,palindromic,ambiguous,id.outcome,chr,pos,se.outcome,samplesize.outcome,pval.outcome,outcome,mr_keep.outcome,chr.exposure,samplesize.exposure,pval.exposure,se.exposure,pos.exposure,id.exposure,exposure,mr_keep.exposure,pval_origin.exposure,data_source.exposure,action,mr_keep
rs10107182,T,C,T,C,-0.00376821,-0.009,0.664676,0.632207,FALSE,FALSE,FALSE,ebi-a-GCST002245,8,59392737,0.0168,54162,0.5921,Alzheimer's disease (late onset),TRUE,8,361194,3.48658e-15,0.000478657,59392737,ukb-d-K11_GALLBILPANC,Disorders of gallbladder, biliary tract and pancreas || id:ukb-d-K11_GALLBILPANC,TRUE,reported,igd,2,TRUE
rs10242548,G,A,G,A,-0.00422137,-0.0318,0.212947,0.22167,FALSE,FALSE,FALSE,ebi-a-GCST002245,7,107462149,0.019,54162,0.09407,Alzheimer's disease (late onset),TRUE,7,361194,7.15484e-14,0.000563955,107462149,ukb-d-K11_GALLBILPANC,Disorders of gallbladder, biliary tract and pancreas || id:ukb-d-K11_GALLBILPANC,TRUE,reported,igd,2,TRUE
rs1169286,C,T,C,T,-0.00271231,1e-04,0.424523,0.44334,FALSE,FALSE,FALSE,ebi-a-GCST002245,12,121419056,0.0163,54162,0.9941,Alzheimer's disease (late onset),TRUE,12,361194,3.33096e-09,0.000458584,121419056,ukb-d-K11_GALLBILPANC,Disorders of gallbladder, biliary tract and pancreas || id:ukb-d-K11_GALLBILPANC,TRUE,reported,igd,2,TRUE
rs12152541,A,C,A,C,-0.00428614,-0.0081,0.797647,0.758449,FALSE,FALSE,FALSE,ebi-a-GCST002245,3,149183823,0.0188,54162,0.6664,Alzheimer's disease (late onset),TRUE,3,361194,5.48025e-14,0.000569947,149183823,ukb-d-K11_GALLBILPANC,Disorders of gallbladder, biliary tract and pancreas || id:ukb-d-K11_GALLBILPANC,TRUE,reported,igd,2,TRUE
rs1260326,C,T,C,T,0.0028456,8e-04,0.606851,0.589463,FALSE,FALSE,FALSE,ebi-a-GCST002245,2,27730940,0.0161,54162,0.9608,Alzheimer's disease (late onset),TRUE,2,361194,7.49549e-10,0.000462291,27730940,ukb-d-K11_GALLBILPANC,Disorders of gallbladder, biliary tract and pancreas || id:ukb-d-K11_GALLBILPANC,TRUE,reported,igd,2,TRUE
rs13009407,G,C,G,C,0.00283892,0.0246,0.256134,0.235586,FALSE,TRUE,FALSE,ebi-a-GCST002245,2,234652347,0.0179,54162,0.1689,Alzheimer's disease (late onset),TRUE,2,361194,4.29457e-08,0.000518202,234652347,ukb-d-K11_GALLBILPANC,Disorders of gallbladder, biliary tract and pancreas || id:ukb-d-K11_GALLBILPANC,TRUE,reported,igd,2,TRUE
rs13062142,A,G,A,G,0.00271346,-4e-04,0.407961,0.400596,FALSE,FALSE,FALSE,ebi-a-GCST002245,3,149201983,0.0163,54162,0.9824,Alzheimer's disease (late onset),TRUE,3,361194,3.86349e-09,0.000460684,149201983,ukb-d-K11_GALLBILPANC,Disorders of gallbladder, biliary tract and pancreas || id:ukb-d-K11_GALLBILPANC,TRUE,reported,igd,2,TRUE
rs1800961,T,C,T,C,0.00891631,0.0596,0.0314845,0.0367793,FALSE,FALSE,FALSE,ebi-a-GCST002245,20,43042364,0.0467,54162,0.2016,Alzheimer's disease (late onset),TRUE,20,361194,5.56032e-12,0.00129396,43042364,ukb-d-K11_GALLBILPANC,Disorders of gallbladder, biliary tract and pancreas || id:ukb-d-K11_GALLBILPANC,TRUE,reported,igd,2,TRUE
rs2290846,A,G,A,G,0.00414375,0.0059,0.289836,0.270378,FALSE,FALSE,FALSE,ebi-a-GCST002245,4,151199080,0.0174,54162,0.7339,Alzheimer's disease (late onset),TRUE,4,361194,8.65964e-17,0.000497911,151199080,ukb-d-K11_GALLBILPANC,Disorders of gallbladder, biliary tract and pancreas || id:ukb-d-K11_GALLBILPANC,TRUE,reported,igd,2,TRUE
rs2608894,C,T,C,T,-0.00353134,0.0418,0.766543,0.747515,FALSE,FALSE,FALSE,ebi-a-GCST002245,19,5848000,0.0207,54162,0.04396,Alzheimer's disease (late onset),TRUE,19,361194,8.98463e-11,0.000544682,5848000,ukb-d-K11_GALLBILPANC,Disorders of gallbladder, biliary tract and pancreas || id:ukb-d-K11_GALLBILPANC,TRUE,reported,igd,2,TRUE
rs2638280,A,G,A,G,0.00342241,0.0264,0.538022,0.470179,FALSE,FALSE,FALSE,ebi-a-GCST002245,19,49209318,0.0164,54162,0.1069,Alzheimer's disease (late onset),TRUE,19,361194,7.17794e-14,0.000457243,49209318,ukb-d-K11_GALLBILPANC,Disorders of gallbladder, biliary tract and pancreas || id:ukb-d-K11_GALLBILPANC,TRUE,reported,igd,2,TRUE
rs28473566,A,G,A,G,-0.00597437,0.0307,0.162928,0.158052,FALSE,FALSE,FALSE,ebi-a-GCST002245,2,44012206,0.0212,54162,0.1483,Alzheimer's disease (late onset),TRUE,2,361194,1.77746e-22,0.000612479,44012206,ukb-d-K11_GALLBILPANC,Disorders of gallbladder, biliary tract and pancreas || id:ukb-d-K11_GALLBILPANC,TRUE,reported,igd,2,TRUE
rs28929474,T,C,T,C,0.00898233,-0.0596,0.020291,0.0168986,FALSE,FALSE,FALSE,ebi-a-GCST002245,14,94844947,0.1177,54162,0.6125,Alzheimer's disease (late onset),TRUE,14,361194,2.12794e-08,0.00160359,94844947,ukb-d-K11_GALLBILPANC,Disorders of gallbladder, biliary tract and pancreas || id:ukb-d-K11_GALLBILPANC,TRUE,reported,igd,2,TRUE
rs3842,C,T,C,T,-0.00524347,0.0285,0.140668,0.139165,FALSE,FALSE,FALSE,ebi-a-GCST002245,7,87133366,0.0235,54162,0.2247,Alzheimer's disease (late onset),TRUE,7,361194,7.76605e-16,0.000650699,87133366,ukb-d-K11_GALLBILPANC,Disorders of gallbladder, biliary tract and pancreas || id:ukb-d-K11_GALLBILPANC,TRUE,reported,igd,2,TRUE
rs61854096,C,A,C,A,0.00400525,0.0048,0.240332,0.271372,FALSE,FALSE,FALSE,ebi-a-GCST002245,10,45981184,0.0181,54162,0.7925,Alzheimer's disease (late onset),TRUE,10,361194,3.91652e-14,0.000529512,45981184,ukb-d-K11_GALLBILPANC,Disorders of gallbladder, biliary tract and pancreas || id:ukb-d-K11_GALLBILPANC,TRUE,reported,igd,2,TRUE
rs62129966,A,C,A,C,-0.00519722,0.0084,0.164211,0.150099,FALSE,FALSE,FALSE,ebi-a-GCST002245,19,48374950,0.0212,54162,0.6928,Alzheimer's disease (late onset),TRUE,19,361194,1.72822e-17,0.000610635,48374950,ukb-d-K11_GALLBILPANC,Disorders of gallbladder, biliary tract and pancreas || id:ukb-d-K11_GALLBILPANC,TRUE,reported,igd,2,TRUE
rs6756455,T,G,T,G,-0.00353813,0.0216,0.679078,0.680915,FALSE,FALSE,FALSE,ebi-a-GCST002245,2,44218637,0.0165,54162,0.1916,Alzheimer's disease (late onset),TRUE,2,361194,3.8054e-13,0.000487173,44218637,ukb-d-K11_GALLBILPANC,Disorders of gallbladder, biliary tract and pancreas || id:ukb-d-K11_GALLBILPANC,TRUE,reported,igd,2,TRUE
rs686030,A,C,A,C,0.0041779,0.0126,0.858589,0.869781,FALSE,FALSE,FALSE,ebi-a-GCST002245,9,15304782,0.022,54162,0.5673,Alzheimer's disease (late onset),TRUE,9,361194,1.23316e-10,0.000649207,15304782,ukb-d-K11_GALLBILPANC,Disorders of gallbladder, biliary tract and pancreas || id:ukb-d-K11_GALLBILPANC,TRUE,reported,igd,2,TRUE
rs75331444,A,G,A,G,0.0274122,0.0309,0.0650689,0.0795229,FALSE,FALSE,FALSE,ebi-a-GCST002245,2,44069772,0.0318,54162,0.3302,Alzheimer's disease (late onset),TRUE,2,361194,2.36048e-196,0.000916415,44069772,ukb-d-K11_GALLBILPANC,Disorders of gallbladder, biliary tract and pancreas || id:ukb-d-K11_GALLBILPANC,TRUE,reported,igd,2,TRUE
