SNP,effect_allele.exposure,other_allele.exposure,effect_allele.outcome,other_allele.outcome,beta.exposure,beta.outcome,eaf.exposure,eaf.outcome,remove,palindromic,ambiguous,id.outcome,chr,pos,se.outcome,samplesize.outcome,pval.outcome,outcome,mr_keep.outcome,chr.exposure,pval.exposure,pos.exposure,se.exposure,samplesize.exposure,id.exposure,exposure,mr_keep.exposure,pval_origin.exposure,data_source.exposure,action,mr_keep
rs10886430,G,A,G,A,0.00216263,4e-04,0.127004,0.128231,FALSE,FALSE,FALSE,ebi-a-GCST002245,10,121010256,0.0238,54162,0.9871,Alzheimer's disease (late onset),TRUE,10,3.39516e-08,121010256,0.000391792,361194,ukb-d-I9_DVTANDPULM,DVT of lower extremities and pulmonary embolism || id:ukb-d-I9_DVTANDPULM,TRUE,reported,igd,2,TRUE
rs17490626,C,G,C,G,-0.0037581,0.043,0.129234,0.126243,FALSE,TRUE,FALSE,ebi-a-GCST002245,10,71218646,0.0235,54162,0.06724,Alzheimer's disease (late onset),TRUE,10,8.12082e-23,71218646,0.000382169,361194,ukb-d-I9_DVTANDPULM,DVT of lower extremities and pulmonary embolism || id:ukb-d-I9_DVTANDPULM,TRUE,reported,igd,2,TRUE
rs2066865,A,G,A,G,0.00322645,0.0018,0.23999,0.220676,FALSE,FALSE,FALSE,ebi-a-GCST002245,4,155525276,0.0185,54162,0.9246,Alzheimer's disease (late onset),TRUE,4,3.69913e-27,155525276,0.000298905,361194,ukb-d-I9_DVTANDPULM,DVT of lower extremities and pulmonary embolism || id:ukb-d-I9_DVTANDPULM,TRUE,reported,igd,2,TRUE
rs2288904,G,A,G,A,0.00188855,0.0035,0.776635,0.764414,FALSE,FALSE,FALSE,ebi-a-GCST002245,19,10742170,0.0193,54162,0.8542,Alzheimer's disease (late onset),TRUE,19,7.96654e-10,10742170,0.000307293,361194,ukb-d-I9_DVTANDPULM,DVT of lower extremities and pulmonary embolism || id:ukb-d-I9_DVTANDPULM,TRUE,reported,igd,2,TRUE
rs3756011,A,C,A,C,0.00268014,-0.0106,0.401931,0.389662,FALSE,FALSE,FALSE,ebi-a-GCST002245,4,187206249,0.0162,54162,0.513,Alzheimer's disease (late onset),TRUE,4,8.84708e-25,187206249,0.000260744,361194,ukb-d-I9_DVTANDPULM,DVT of lower extremities and pulmonary embolism || id:ukb-d-I9_DVTANDPULM,TRUE,reported,igd,2,TRUE
rs479486,A,G,A,G,0.00151534,0.0383,0.555298,0.493042,FALSE,FALSE,FALSE,ebi-a-GCST002245,19,49229323,0.0159,54162,0.01618,Alzheimer's disease (late onset),TRUE,19,4.1461e-09,49229323,0.00025778,361194,ukb-d-I9_DVTANDPULM,DVT of lower extremities and pulmonary embolism || id:ukb-d-I9_DVTANDPULM,TRUE,reported,igd,2,TRUE
rs507666,A,G,A,G,0.00620909,-0.0022,0.184411,0.185885,FALSE,FALSE,FALSE,ebi-a-GCST002245,9,136149399,0.0194,54162,0.9095,Alzheimer's disease (late onset),TRUE,9,7.65068e-79,136149399,0.000330202,361194,ukb-d-I9_DVTANDPULM,DVT of lower extremities and pulmonary embolism || id:ukb-d-I9_DVTANDPULM,TRUE,reported,igd,2,TRUE
rs6025,C,T,C,T,-0.0202667,-0.0248,0.977059,0.9880716,FALSE,FALSE,FALSE,ebi-a-GCST002245,1,169519049,0.0503,54162,0.6222,Alzheimer's disease (late onset),TRUE,1,2.80543e-124,169519049,0.000854421,361194,ukb-d-I9_DVTANDPULM,DVT of lower extremities and pulmonary embolism || id:ukb-d-I9_DVTANDPULM,TRUE,reported,igd,2,TRUE
rs6060288,A,G,A,G,0.0021911,-0.0024,0.272831,0.277336,FALSE,FALSE,FALSE,ebi-a-GCST002245,20,33772243,0.0174,54162,0.8918,Alzheimer's disease (late onset),TRUE,20,2.46945e-14,33772243,0.000287403,361194,ukb-d-I9_DVTANDPULM,DVT of lower extremities and pulmonary embolism || id:ukb-d-I9_DVTANDPULM,TRUE,reported,igd,2,TRUE
rs6684036,T,G,T,G,-0.00187263,-0.0024,0.194447,0.17992,FALSE,FALSE,FALSE,ebi-a-GCST002245,1,169459103,0.0209,54162,0.9068,Alzheimer's disease (late onset),TRUE,1,7.16556e-09,169459103,0.000323585,361194,ukb-d-I9_DVTANDPULM,DVT of lower extremities and pulmonary embolism || id:ukb-d-I9_DVTANDPULM,TRUE,reported,igd,2,TRUE
