SNP,effect_allele.exposure,other_allele.exposure,effect_allele.outcome,other_allele.outcome,beta.exposure,beta.outcome,eaf.exposure,eaf.outcome,remove,palindromic,ambiguous,id.outcome,chr,pos,se.outcome,samplesize.outcome,pval.outcome,outcome,mr_keep.outcome,chr.exposure,samplesize.exposure,pos.exposure,se.exposure,pval.exposure,id.exposure,exposure,mr_keep.exposure,pval_origin.exposure,data_source.exposure,action,mr_keep
rs10455872,G,A,G,A,0.00949681,-0.0516,0.0807558,0.0735586,FALSE,FALSE,FALSE,ebi-a-GCST002245,6,161010118,0.0373,54162,0.166,Alzheimer's disease (late onset),TRUE,6,361194,161010118,0.000707087,4.07756e-41,ukb-d-I9_CHD_NOREV,Major coronary heart disease event excluding revascularizations || id:ukb-d-I9_CHD_NOREV,TRUE,reported,igd,2,TRUE
rs12740374,T,G,T,G,-0.00329358,4e-04,0.221809,0.212724,FALSE,FALSE,FALSE,ebi-a-GCST002245,1,109817590,0.0188,54162,0.9811,Alzheimer's disease (late onset),TRUE,1,361194,109817590,0.000463362,1.17951e-12,ukb-d-I9_CHD_NOREV,Major coronary heart disease event excluding revascularizations || id:ukb-d-I9_CHD_NOREV,TRUE,reported,igd,2,TRUE
rs12939053,A,C,A,C,0.00241259,0.021,0.712901,0.72167,FALSE,FALSE,FALSE,ebi-a-GCST002245,17,66391826,0.0199,54162,0.2916,Alzheimer's disease (late onset),TRUE,17,361194,66391826,0.000429582,1.95425e-08,ukb-d-I9_CHD_NOREV,Major coronary heart disease event excluding revascularizations || id:ukb-d-I9_CHD_NOREV,TRUE,reported,igd,2,TRUE
rs1510226,C,T,C,T,0.0128335,0.0019,0.0195761,0.0109344,FALSE,FALSE,FALSE,ebi-a-GCST002245,6,160816409,0.0636,54162,0.9757,Alzheimer's disease (late onset),TRUE,6,361194,160816409,0.00139574,3.77833e-20,ukb-d-I9_CHD_NOREV,Major coronary heart disease event excluding revascularizations || id:ukb-d-I9_CHD_NOREV,TRUE,reported,igd,2,TRUE
rs28451064,A,G,A,G,0.00356321,-0.0296,0.13177,0.130219,FALSE,FALSE,FALSE,ebi-a-GCST002245,21,35593827,0.0271,54162,0.2743,Alzheimer's disease (late onset),TRUE,21,361194,35593827,0.00058158,8.97718e-10,ukb-d-I9_CHD_NOREV,Major coronary heart disease event excluding revascularizations || id:ukb-d-I9_CHD_NOREV,TRUE,reported,igd,2,TRUE
rs35617716,A,T,A,T,-0.00277429,0.0096,0.261258,0.284294,FALSE,TRUE,FALSE,ebi-a-GCST002245,8,19870263,0.0182,54162,0.5988,Alzheimer's disease (late onset),TRUE,8,361194,19870263,0.000441709,3.3721e-10,ukb-d-I9_CHD_NOREV,Major coronary heart disease event excluding revascularizations || id:ukb-d-I9_CHD_NOREV,TRUE,reported,igd,2,TRUE
rs4932370,A,G,A,G,0.0024681,-0.0071,0.335565,0.341948,FALSE,FALSE,FALSE,ebi-a-GCST002245,15,91404705,0.0171,54162,0.6793,Alzheimer's disease (late onset),TRUE,15,361194,91404705,0.000407648,1.40997e-09,ukb-d-I9_CHD_NOREV,Major coronary heart disease event excluding revascularizations || id:ukb-d-I9_CHD_NOREV,TRUE,reported,igd,2,TRUE
rs72934563,A,G,A,G,0.00332123,-0.0608,0.127711,0.129225,FALSE,FALSE,FALSE,ebi-a-GCST002245,2,203995405,0.023,54162,0.00811,Alzheimer's disease (late onset),TRUE,2,361194,203995405,0.000576943,8.58895e-09,ukb-d-I9_CHD_NOREV,Major coronary heart disease event excluding revascularizations || id:ukb-d-I9_CHD_NOREV,TRUE,reported,igd,2,TRUE
rs9349379,G,A,G,A,0.0025338,-0.0077,0.405522,0.400596,FALSE,FALSE,FALSE,ebi-a-GCST002245,6,12903957,0.0162,54162,0.6367,Alzheimer's disease (late onset),TRUE,6,361194,12903957,0.000392238,1.04925e-10,ukb-d-I9_CHD_NOREV,Major coronary heart disease event excluding revascularizations || id:ukb-d-I9_CHD_NOREV,TRUE,reported,igd,2,TRUE
rs9644859,A,G,A,G,0.00521367,0.0302,0.495806,0.496024,FALSE,FALSE,FALSE,ebi-a-GCST002245,9,22090521,0.0173,54162,0.08054,Alzheimer's disease (late onset),TRUE,9,361194,22090521,0.000385479,1.13684e-41,ukb-d-I9_CHD_NOREV,Major coronary heart disease event excluding revascularizations || id:ukb-d-I9_CHD_NOREV,TRUE,reported,igd,2,TRUE
