SNP,effect_allele.exposure,other_allele.exposure,effect_allele.outcome,other_allele.outcome,beta.exposure,beta.outcome,eaf.exposure,eaf.outcome,remove,palindromic,ambiguous,id.outcome,chr,pos,se.outcome,samplesize.outcome,pval.outcome,outcome,mr_keep.outcome,pval.exposure,se.exposure,samplesize.exposure,chr.exposure,pos.exposure,id.exposure,exposure,mr_keep.exposure,pval_origin.exposure,data_source.exposure,action,mr_keep
rs2066865,A,G,A,G,0.00350515,0.0018,0.23999,0.220676,FALSE,FALSE,FALSE,ebi-a-GCST002245,4,155525276,0.0185,54162,0.9246,Alzheimer's disease (late onset),TRUE,8.05193e-30,0.000308992,361194,4,155525276,ukb-d-I9_VTE,Venous thromboembolism || id:ukb-d-I9_VTE,TRUE,reported,igd,2,TRUE
rs2288904,G,A,G,A,0.0020584,0.0035,0.776635,0.764414,FALSE,FALSE,FALSE,ebi-a-GCST002245,19,10742170,0.0193,54162,0.8542,Alzheimer's disease (late onset),TRUE,9.19814e-11,0.000317667,361194,19,10742170,ukb-d-I9_VTE,Venous thromboembolism || id:ukb-d-I9_VTE,TRUE,reported,igd,2,TRUE
rs2289252,T,C,T,C,0.00273965,-0.0139,0.402132,0.388668,FALSE,FALSE,FALSE,ebi-a-GCST002245,4,187207381,0.0168,54162,0.4079,Alzheimer's disease (late onset),TRUE,2.78035e-24,0.000269443,361194,4,187207381,ukb-d-I9_VTE,Venous thromboembolism || id:ukb-d-I9_VTE,TRUE,reported,igd,2,TRUE
rs28463525,T,A,T,A,-0.00391736,0.0382,0.138651,0.136183,FALSE,TRUE,FALSE,ebi-a-GCST002245,10,71215578,0.023,54162,0.09612,Alzheimer's disease (late onset),TRUE,1.45011e-24,0.000382887,361194,10,71215578,ukb-d-I9_VTE,Venous thromboembolism || id:ukb-d-I9_VTE,TRUE,reported,igd,2,TRUE
rs479486,A,G,A,G,0.00149592,0.0383,0.555298,0.493042,FALSE,FALSE,FALSE,ebi-a-GCST002245,19,49229323,0.0159,54162,0.01618,Alzheimer's disease (late onset),TRUE,1.98418e-08,0.000266485,361194,19,49229323,ukb-d-I9_VTE,Venous thromboembolism || id:ukb-d-I9_VTE,TRUE,reported,igd,2,TRUE
rs507666,A,G,A,G,0.00662947,-0.0022,0.184411,0.185885,FALSE,FALSE,FALSE,ebi-a-GCST002245,9,136149399,0.0194,54162,0.9095,Alzheimer's disease (late onset),TRUE,5.56288e-84,0.00034134,361194,9,136149399,ukb-d-I9_VTE,Venous thromboembolism || id:ukb-d-I9_VTE,TRUE,reported,igd,2,TRUE
rs6025,C,T,C,T,-0.021792,-0.0248,0.977059,0.9880716,FALSE,FALSE,FALSE,ebi-a-GCST002245,1,169519049,0.0503,54162,0.6222,Alzheimer's disease (late onset),TRUE,2.66686e-134,0.000883214,361194,1,169519049,ukb-d-I9_VTE,Venous thromboembolism || id:ukb-d-I9_VTE,TRUE,reported,igd,2,TRUE
rs6060288,A,G,A,G,0.00240316,-0.0024,0.272831,0.277336,FALSE,FALSE,FALSE,ebi-a-GCST002245,20,33772243,0.0174,54162,0.8918,Alzheimer's disease (late onset),TRUE,6.0548e-16,0.000297105,361194,20,33772243,ukb-d-I9_VTE,Venous thromboembolism || id:ukb-d-I9_VTE,TRUE,reported,igd,2,TRUE
rs6684036,T,G,T,G,-0.00195239,-0.0024,0.194447,0.17992,FALSE,FALSE,FALSE,ebi-a-GCST002245,1,169459103,0.0209,54162,0.9068,Alzheimer's disease (late onset),TRUE,5.33298e-09,0.00033451,361194,1,169459103,ukb-d-I9_VTE,Venous thromboembolism || id:ukb-d-I9_VTE,TRUE,reported,igd,2,TRUE
